{"min": [-2.3693598401238574, -0.02987399569337667, -0.7022857612558744], "max": [1.6306401598761426, 1.7531556766815444, 0.6550304431677861]}