{"handle_min": [-0.010561736083846387, -0.0678553095644281, -0.005445131803372321], "handle_max": [0.18943826391615362, -0.014314206674997604, 0.005138894042315506], "goal_pos": [0.07989681757797912, 0.0, 0.04987935987267039]}