{"min": [-0.5068848193645599, -0.034826098361953384, -0.8874409912869914], "max": [0.09311524445063023, 0.6051738968841774, 0.6225589729167589]}