{"handle_min": [-0.0936540328151809, -0.04630140238848225, -0.03492499652467781], "handle_max": [0.03492499957792437, -3.0279117477216566e-09, 0.03492500263117181], "goal_pos": [-0.04682701826095581, -0.0, 0.043150704354047775]}