{"min": [-2.004464414304939, -0.061953319185583056, -0.7512426812884553], "max": [1.9955355856950614, 1.5121281051970465, 0.5143669618897964]}