{"min": [-1.039738702774048, 0.012659722906857462, -0.40046664182622393], "max": [0.08482370376586915, 0.4624846171295303, 0.7240957668362715]}