{"handle_min": [-0.03260283597933097, -0.06583641650614575, -0.032720433133632314], "handle_max": [0.03254768471665786, -8.655111810119915e-05, 0.03243008756235652], "goal_pos": [-2.75756311510304e-05, 0.0, 0.04262493469747056]}