{"min": [-2.2353413121127446, -0.038703788059106584, -0.8493620774450541], "max": [1.7646586878872559, 1.7738445822304754, 1.035695921740224]}