{"handle_min": [-0.030038203509538487, -0.046395872603282484, -0.021918680214887316], "handle_max": [0.1699617964904615, -0.004079467992440289, 0.021989829530945085], "goal_pos": [0.0978636631034848, 0.0, 0.03239476167814592]}