{"min": [-0.5758474588394166, -0.03821708057286602, -0.6265056471494815], "max": [0.06344215869903565, 0.8659005140344367, 0.5988000221385936]}