{"handle_min": [-0.03418389453826574, -0.08032976645753523, -0.03375472233483621], "handle_max": [0.03333173864852266, -0.0001328521707502181, 0.033760921727113494], "goal_pos": [-0.00042607794487154057, 0.0, 0.0548277021159537]}