{"min": [-0.5950130968736044, -0.04220119902799264, -0.7279489040374756], "max": [0.10498692081396967, 0.5177987337112426, 0.37105101645775274]}