{"handle_min": [-0.10665177368973033, -0.05891192506875385, -0.032814360939698174], "handle_max": [0.0324578294646134, -0.00017442211314963303, 0.03210127982203312], "goal_pos": [-0.05332588776946068, -0.0010000000474974513, 0.05554317310452461]}