{"min": [-0.4828275424978278, 0.026411719620227814, -0.7322870051766943], "max": [0.4817394044939576, 0.056385130502694114, 0.7244058224159886]}