{"handle_min": [-0.007134251752767127, -0.08171155800810678, -0.016777753463141705], "handle_max": [0.0056371679508212275, -0.00014427530019463952, 0.1332222465368583], "goal_pos": [-0.0007485418720294771, 0.06471011418343899, 0.07336725134550397]}