{"min": [-0.5821333646774293, -0.0440334003207302, -0.6155206185900118], "max": [0.04486343860626221, 0.8483737880911459, 0.5862226658088895]}