{"handle_min": [-0.03304155925201243, -0.0626960872191052, -0.028582797450149786], "handle_max": [0.03274201335444326, -0.0002016864210550011, 0.02838740670573239], "goal_pos": [-0.0001497729488328905, 0.0, 0.04698831176941575]}