{"min": [-0.4369473338127136, -0.062164677182931026, -0.7377418870451822], "max": [0.10559092220505512, 0.5623706657138794, 0.41751975299110755]}