{"handle_min": [-0.08708892017687161, -0.04201151294995745, -0.03203918450265634], "handle_max": [0.030811608773175268, -0.00016438405328939794, 0.031593634844297405], "goal_pos": [-0.04354446083307266, 0.0, 0.03788794837892055]}