{"min": [-0.46859829107364526, -0.030971118611227588, -0.466628278330095], "max": [0.4674017096950678, 0.09562889039761835, 0.469371307399566]}