{"handle_min": [-0.013680038570301277, -0.06349789219940023, -0.011600569959560856], "handle_max": [0.01382162769028245, -0.01349845207372565, 0.13839943004043914], "lock_min": [-0.01642866654131524, -0.013499535520465167, -0.03659420615919795], "lock_max": [0.021071806126209992, -0.0009980162759247425, 0.03840542830377723], "goal_pos": [7.079456229183953e-05, 0.07709794280859095, 0.05562131107078484]}