{"min": [-0.37345090792585206, -0.03279549642430435, -0.3091748356819153], "max": [0.37654909157354055, 0.032204534858465195, 0.3158251857565375]}