{"handle_min": [-4.344709061660211e-09, -0.03436291884551452, -0.025662685323292515], "handle_max": [0.015276900045632274, -0.00042593702613167894, 0.12433731467670749], "goal_pos": [0.007638447968109997, 0.07225265985234469, 0.026942487748626016]}